,UNITID,OPEID,opeid6,INSTNM,CITY,STABBR,INSTURL,NPCURL,HCM2,PREDDEG,CONTROL,LOCALE,HBCU,PBI,ANNHI,TRIBAL,AANAPII,HSI,NANTI,MENONLY,WOMENONLY,RELAFFIL,SATVR25,SATVR75,SATMT25,SATMT75,SATWR25,SATWR75,SATVRMID,SATMTMID,SATWRMID,ACTCM25,ACTCM75,ACTEN25,ACTEN75,ACTMT25,ACTMT75,ACTWR25,ACTWR75,ACTCMMID,ACTENMID,ACTMTMID,ACTWRMID,SAT_AVG,SAT_AVG_ALL,PCIP01,PCIP03,PCIP04,PCIP05,PCIP09,PCIP10,PCIP11,PCIP12,PCIP13,PCIP14,PCIP15,PCIP16,PCIP19,PCIP22,PCIP23,PCIP24,PCIP25,PCIP26,PCIP27,PCIP29,PCIP30,PCIP31,PCIP38,PCIP39,PCIP40,PCIP41,PCIP42,PCIP43,PCIP44,PCIP45,PCIP46,PCIP47,PCIP48,PCIP49,PCIP50,PCIP51,PCIP52,PCIP54,DISTANCEONLY,UGDS,UGDS_WHITE,UGDS_BLACK,UGDS_HISP,UGDS_ASIAN,UGDS_AIAN,UGDS_NHPI,UGDS_2MOR,UGDS_NRA,UGDS_UNKN,PPTUG_EF,CURROPER,NPT4_PUB,NPT4_PRIV,NPT41_PUB,NPT42_PUB,NPT43_PUB,NPT44_PUB,NPT45_PUB,NPT41_PRIV,NPT42_PRIV,NPT43_PRIV,NPT44_PRIV,NPT45_PRIV,PCTPELL,RET_FT4,RET_FTL4,RET_PT4,RET_PTL4,PCTFLOAN,UG25abv,GRAD_DEBT_MDN_SUPP,GRAD_DEBT_MDN10YR_SUPP,RPY_3YR_RT_SUPP,C150_4_POOLED_SUPP,C200_L4_POOLED_SUPP,md_earn_wne_p10,gt_25k_p6,poverty_rate,unemp_rate,CCSIZSET
211,108269,3288300,32883,Academy of Chinese Culture and Health Sciences,Oakland,CA,www.acchs.edu,www.acchs.edu,0,4,2,11.0,0.0,0.0,0.0,0.0,0.0,0.0,0.0,0.0,0.0,,,,,,,,,,,,,,,,,,,,,,,,,,,,,,,,,,,,,,,,,,,,,,,,,,,,,,,,,,,,,,,0.0,,,,,,,,,,,,1,,,,,,,,,,,,,,,,,,,,,,,,,PrivacySuppressed,PrivacySuppressed,PrivacySuppressed,PrivacySuppressed,5.0
218,108870,2222000,22220,American Film Institute Conservatory,Los Angeles,CA,www.AFI.com,www.afi.com/conservatory/admissions/fa_cost.aspx,0,4,2,11.0,0.0,0.0,0.0,0.0,0.0,0.0,0.0,0.0,0.0,,,,,,,,,,,,,,,,,,,,,,,,,,,,,,,,,,,,,,,,,,,,,,,,,,,,,,,,,,,,,,,0.0,,,,,,,,,,,,1,,,,,,,,,,,,,,,,,,,,PrivacySuppressed,PrivacySuppressed,,,,PrivacySuppressed,PrivacySuppressed,PrivacySuppressed,PrivacySuppressed,5.0
308,112251,116900,1169,Claremont Graduate University,Claremont,CA,www.cgu.edu,www.cgu.edu/custom/finaid/pages/5263.asp,0,4,2,21.0,0.0,0.0,0.0,0.0,0.0,0.0,0.0,0.0,0.0,,,,,,,,,,,,,,,,,,,,,,,,,,,,,,,,,,,,,,,,,,,,,,,,,,,,,,,,,,,,,,,0.0,,,,,,,,,,,,1,,,,,,,,,,,,,,,,,,,,PrivacySuppressed,PrivacySuppressed,PrivacySuppressed,,,60800,PrivacySuppressed,8.569999695,4,4.0
429,117672,122900,1229,Southern California University of Health Sciences,Whittier,CA,www.scuhs.edu,www.scuhs.edu,0,4,2,21.0,0.0,0.0,0.0,0.0,0.0,0.0,0.0,0.0,0.0,,,,,,,,,,,,,,,,,,,,,,,,,0.0,0.0,0.0,0.0,0.0,0.0,0.0,0.0,0.0,0.0,0.0,0.0,0.0,0.0,0.0,0.0,0.0,0.0,0.0,0.0,0.0,0.0,0.0,0.0,0.0,0.0,0.0,0.0,0.0,0.0,0.0,0.0,0.0,0.0,0.0,0.0,0.0,0.0,0.0,0.0,0.0,0.0,0.0,0.0,0.0,0.0,0.0,0.0,0.0,,1,,,,,,,,,,,,,,,,,,,0.6337,PrivacySuppressed,PrivacySuppressed,0.633333333,,,PrivacySuppressed,PrivacySuppressed,PrivacySuppressed,PrivacySuppressed,4.0
735,129428,280301,2803,Rensselaer Hartford Graduate Center Inc,Hartford,CT,ewp.rpi.edu/index.html,www.rpi.edu/npc/,0,4,2,12.0,0.0,0.0,0.0,0.0,0.0,0.0,0.0,0.0,0.0,,,,,,,,,,,,,,,,,,,,,,,,1366.0,,,,,,,,,,,,,,,,,,,,,,,,,,,,,,,,,,,,,,,0.0,,,,,,,,,,,,1,,,,,,,,,,,,,,,,,,,,27835.5,309.0311128,0.96277205,,,81700,0.89396286,PrivacySuppressed,PrivacySuppressed,5.0
1047,140562,2482100,24821,Morehouse School of Medicine,Atlanta,GA,www.msm.edu,,0,4,2,11.0,1.0,0.0,0.0,0.0,0.0,0.0,0.0,0.0,0.0,,,,,,,,,,,,,,,,,,,,,,,,,,,,,,,,,,,,,,,,,,,,,,,,,,,,,,,,,,,,,,,0.0,,,,,,,,,,,,1,,,,,,,,,,,,,,,,,,,,,,PrivacySuppressed,,,PrivacySuppressed,PrivacySuppressed,10.39000034,4.25,4.0
1174,145628,168900,1689,Illinois College of Optometry,Chicago,IL,WWW.ICO.EDU,www.ico.edu,0,4,2,11.0,0.0,0.0,0.0,0.0,0.0,0.0,0.0,0.0,0.0,,,,,,,,,,,,,,,,,,,,,,,,,,,,,,,,,,,,,,,,,,,,,,,,,,,,,,,,,,,,,,,0.0,,,,,,,,,,,,1,,,,,,,,,,,,,,,,,,,,4500,49.959225,,,,81400,0.977941155,5.460000038,2.920000076,4.0
1954,169220,2198900,21989,Michigan School of Professional Psychology,Farmington Hills,MI,www.mispp.edu,,0,4,2,13.0,0.0,0.0,0.0,0.0,0.0,0.0,0.0,0.0,0.0,,,,,,,,,,,,,,,,,,,,,,,,,,,,,,,,,,,,,,,,,,,,,,,,,,,,,,,,,,,,,,,0.0,,,,,,,,,,,,1,,,,,,,,,,,,,,,,,,,,,,,,,,,,,3.0
2260,177834,247700,2477,A T Still University of Health Sciences,Kirksville,MO,WWW.ATSU.EDU,www.atsu.edu,0,4,2,33.0,0.0,0.0,0.0,0.0,0.0,0.0,0.0,0.0,0.0,,,,,,,,,,,,,,,,,,,,,,,,,,,,,,,,,,,,,,,,,,,,,,,,,,,,,,,,,,,,,,,0.0,,,,,,,,,,,,1,,,,,,,,,,,,,,,,,,,,,,PrivacySuppressed,,,199600,0.980769217,8.100000381,3.420000076,5.0
2313,179265,250400,2504,St Louis College of Pharmacy,Saint Louis,MO,www.stlcop.edu,npc.collegeboard.org/student/app/stlcop,0,4,2,11.0,0.0,0.0,0.0,0.0,0.0,0.0,0.0,0.0,0.0,,,,,,,,,,,,,,,,,,,,,,,,,,,,,,,,,,,,,,,,,,,,,,,,,,,,,,,,,,,,,,,0.0,723.0,0.6279,0.0484,0.0055,0.2158,0.0028,0.0028,0.0166,0.0138,0.0664,,1,,,,,,,,,,,,,,0.9271,,,,,0.0249,17500,194.285875,0.980392157,0.654110273,,111600,0.921686769,6.139999866,2.99000001,4.0
2715,192554,275102,2751,LIU Hudson at Rockland,Orangeburg,NY,www.liu.edu,www.liu.edu/Brooklyn/Financial-Services/Financial-Aid-Basics/Calculator.aspx,0,4,2,21.0,0.0,0.0,0.0,0.0,0.0,0.0,0.0,0.0,0.0,,,,,,,,,,,,,,,,,,,,,,,,944.0,,,,,,,,,,,,,,,,,,,,,,,,,,,,,,,,,,,,,,,0.0,,,,,,,,,,,,1,,,,,,,,,,,,,,,,,,,,25000,277.55125,0.743295019,,,46000,0.670961678,11.92000008,4.329999924,3.0
2745,193405,702600,7026,Icahn School of Medicine at Mount Sinai,New York,NY,www.mssm.edu,www.mssm.edu,0,4,2,11.0,0.0,0.0,0.0,0.0,0.0,0.0,0.0,0.0,0.0,,,,,,,,,,,,,,,,,,,,,,,,,,,,,,,,,,,,,,,,,,,,,,,,,,,,,,,,,,,,,,,0.0,,,,,,,,,,,,1,,,,,,,,,,,,,,,,,,,,13000,144.32665,,,,PrivacySuppressed,0.950495064,9.770000458,3.75,3.0
4083,228866,363500,3635,Texas Chiropractic College Foundation Inc,Pasadena,TX,www.txchiro.edu,,0,4,2,21.0,0.0,0.0,0.0,0.0,0.0,0.0,0.0,0.0,0.0,,,,,,,,,,,,,,,,,,,,,,,,,,,,,,,,,,,,,,,,,,,,,,,,,,,,,,,,,,,,,,,0.0,,,,,,,,,,,,1,,,,,,,,,,,,,,,,,,,,PrivacySuppressed,PrivacySuppressed,0.555555556,,,PrivacySuppressed,PrivacySuppressed,9.81000042,3.75,4.0
4853,369659,2603700,26037,Oregon College of Oriental Medicine,Portland,OR,www.ocom.edu,,0,4,2,11.0,0.0,0.0,0.0,0.0,0.0,0.0,0.0,0.0,0.0,,,,,,,,,,,,,,,,,,,,,,,,,,,,,,,,,,,,,,,,,,,,,,,,,,,,,,,,,,,,,,,0.0,,,,,,,,,,,,1,,,,,,,,,,,,,,,,,,,,,,,,,,,,,3.0
238,110307,2237200,22372,Phillips Graduate Institute,Chatsworth,CA,pgi.edu,,0,4,2,11.0,0.0,0.0,0.0,0.0,0.0,0.0,0.0,0.0,0.0,,,,,,,,,,,,,,,,,,,,,,,,,,,,,,,,,,,,,,,,,,,,,,,,,,,,,,,,,,,,,,,0.0,,,,,,,,,,,,1,,,,,,,,,,,,,,,,,,,,,,,,,,,,,12.0
243,110398,394700,3947,University of California-Hastings College of Law,San Francisco,CA,www.uchastings.edu,,0,4,1,11.0,0.0,0.0,0.0,0.0,0.0,0.0,0.0,0.0,0.0,,,,,,,,,,,,,,,,,,,,,,,,,,,,,,,,,,,,,,,,,,,,,,,,,,,,,,,,,,,,,,,0.0,,,,,,,,,,,,1,,,,,,,,,,,,,,,,,,,,,,PrivacySuppressed,,,107900,0.899999976,7.800000191,3.470000029,15.0
283,111391,1310300,13103,California Western School of Law,San Diego,CA,www.cwsl.edu,www.cwsl.edu,0,4,2,11.0,0.0,0.0,0.0,0.0,0.0,0.0,0.0,0.0,0.0,,,,,,,,,,,,,,,,,,,,,,,,,,,,,,,,,,,,,,,,,,,,,,,,,,,,,,,,,,,,,,,0.0,,,,,,,,,,,,1,,,,,,,,,,,,,,,,,,,,PrivacySuppressed,PrivacySuppressed,PrivacySuppressed,,,85900,0.860759497,7.820000172,3.269999981,13.0
538,121628,1044100,10441,Pardee RAND Graduate School,Santa Monica,CA,www.prgs.edu,www.prgs.edu,0,4,2,13.0,0.0,0.0,0.0,0.0,0.0,0.0,0.0,0.0,0.0,,,,,,,,,,,,,,,,,,,,,,,,,,,,,,,,,,,,,,,,,,,,,,,,,,,,,,,,,,,,,,,0.0,,,,,,,,,,,,1,,,,,,,,,,,,,,,,,,,,,,,,,,,,,13.0
548,122117,3109500,31095,Dongguk University-Los Angeles,Los Angeles,CA,dula.edu,dula.edu/netpricecalculator,0,4,2,11.0,0.0,0.0,0.0,0.0,0.0,0.0,0.0,0.0,0.0,,,,,,,,,,,,,,,,,,,,,,,,,,,,,,,,,,,,,,,,,,,,,,,,,,,,,,,,,,,,,,,0.0,9.0,0.3333,0.0,0.0,0.6667,0.0,0.0,0.0,0.0,0.0,,1,,,,,,,,,,,,,,,,,,,1.0,PrivacySuppressed,PrivacySuppressed,PrivacySuppressed,,,PrivacySuppressed,PrivacySuppressed,15.60999966,4.599999905,16.0
563,122649,2500000,25000,San Joaquin College of Law,Clovis,CA,www.sjcl.edu,,0,4,2,21.0,0.0,0.0,0.0,0.0,0.0,0.0,0.0,0.0,0.0,,,,,,,,,,,,,,,,,,,,,,,,,,,,,,,,,,,,,,,,,,,,,,,,,,,,,,,,,,,,,,,0.0,,,,,,,,,,,,1,,,,,,,,,,,,,,,,,,,,PrivacySuppressed,PrivacySuppressed,PrivacySuppressed,,,PrivacySuppressed,PrivacySuppressed,PrivacySuppressed,PrivacySuppressed,15.0
647,126030,2179937,21799,Western State College of Law at Argosy University,Fullerton,CA,www.wsulaw.edu,tcc.noellevitz.com/edmc/Argosy%20University?iframe=true&width600&height=1000,0,4,3,21.0,0.0,0.0,0.0,0.0,0.0,0.0,0.0,0.0,0.0,,,,,,,,,,,,,,,,,,,,,,,,,,,,,,,,,,,,,,,,,,,,,,,,,,,,,,,,,,,,,,,0.0,,,,,,,,,,,,1,,,,,,,,,,,,,,,,,,,,14323,159.0146622,0.370393247,,,38200,0.698424041,,,13.0
648,126049,1085400,10854,Thomas Jefferson School of Law,San Diego,CA,www.tjsl.edu,,0,4,2,11.0,0.0,0.0,0.0,0.0,0.0,0.0,0.0,0.0,0.0,,,,,,,,,,,,,,,,,,,,,,,,,,,,,,,,,,,,,,,,,,,,,,,,,,,,,,,,,,,,,,,0.0,,,,,,,,,,,,1,,,,,,,,,,,,,,,,,,,,PrivacySuppressed,PrivacySuppressed,PrivacySuppressed,,,PrivacySuppressed,PrivacySuppressed,6.599999905,3.220000029,12.0
1133,143978,2155307,21553,The Chicago School of Professional Psychology at Chicago,Chicago,IL,www.thechicagoschool.edu,www.thechicagoschool.edu/Chicago/Admissions/Costs_and_Financial_Aid/Budgeting_to_attend_The_Chicago_School,0,4,2,11.0,0.0,0.0,0.0,0.0,0.0,0.0,0.0,0.0,0.0,,,,,,,,,,,,,,,,,,,,,,,,,,,,,,,,,,,,,,,,,,,,,,,,,,,,,,,,,,,,,,,0.0,,,,,,,,,,,,1,,,,,,,,,,,,,,,,,,,,,,PrivacySuppressed,,,PrivacySuppressed,PrivacySuppressed,PrivacySuppressed,PrivacySuppressed,14.0
1187,146241,169800,1698,The John Marshall Law School,Chicago,IL,WWW.JMLS.EDU,www.jmls.edu/,0,4,2,11.0,0.0,0.0,0.0,0.0,0.0,0.0,0.0,0.0,0.0,,,,,,,,,,,,,,,,,,,,,,,,,,,,,,,,,,,,,,,,,,,,,,,,,,,,,,,,,,,,,,,0.0,,,,,,,,,,,,1,,,,,,,,,,,,,,,,,,,,PrivacySuppressed,PrivacySuppressed,,,,PrivacySuppressed,,,,14.0
1790,164085,2578400,25784,Maryland University of Integrative Health,Laurel,MD,WWW.muih.EDU,,0,4,2,21.0,0.0,0.0,0.0,0.0,0.0,0.0,0.0,0.0,0.0,,,,,,,,,,,,,,,,,,,,,,,,,,,,,,,,,,,,,,,,,,,,,,,,,,,,,,,,,,,,,,,0.0,,,,,,,,,,,,1,,,,,,,,,,,,,,,,,,,,PrivacySuppressed,PrivacySuppressed,PrivacySuppressed,,,,,,,12.0
1848,165945,974700,9747,Gordon-Conwell Theological Seminary,South Hamilton,MA,www.gordonconwell.edu,,0,4,2,21.0,0.0,0.0,0.0,0.0,0.0,0.0,0.0,0.0,0.0,,,,,,,,,,,,,,,,,,,,,,,,,,,,,,,,,,,,,,,,,,,,,,,,,,,,,,,,,,,,,,,0.0,,,,,,,,,,,,1,,,,,,,,,,,,,,,,,,,,PrivacySuppressed,PrivacySuppressed,PrivacySuppressed,,,PrivacySuppressed,PrivacySuppressed,6.21999979,4.179999828,13.0
2106,173957,1173200,11732,Mayo Medical School,Rochester,MN,www.mayo.edu/mms/,,0,4,2,12.0,0.0,0.0,0.0,0.0,0.0,0.0,0.0,0.0,0.0,,,,,,,,,,,,,,,,,,,,,,,,,,,,,,,,,,,,,,,,,,,,,,,,,,,,,,,,,,,,,,,0.0,,,,,,,,,,,,1,,,,,,,,,,,,,,,,,,,,9250,102.6939625,0.989130435,,,PrivacySuppressed,PrivacySuppressed,5.320000172,2.74000001,13.0
2592,189015,266900,2669,Bank Street College of Education,New York,NY,www.bankstreet.edu,www.finaid.org/calculators/loanpayments.phtml,0,4,2,11.0,0.0,0.0,0.0,0.0,0.0,0.0,0.0,0.0,0.0,,,,,,,,,,,,,,,,,,,,,,,,,,,,,,,,,,,,,,,,,,,,,,,,,,,,,,,,,,,,,,,0.0,,,,,,,,,,,,1,,,,,,,,,,,,,,,,,,,,PrivacySuppressed,PrivacySuppressed,PrivacySuppressed,,,PrivacySuppressed,PrivacySuppressed,15.60000038,5.260000229,14.0
2628,190080,270000,2700,Colgate Rochester Crozer Divinity School,Rochester,NY,www.crcds.edu,,0,4,2,12.0,0.0,0.0,0.0,0.0,0.0,0.0,0.0,0.0,0.0,,,,,,,,,,,,,,,,,,,,,,,,,,,,,,,,,,,,,,,,,,,,,,,,,,,,,,,,,,,,,,,0.0,,,,,,,,,,,,1,,,,,,,,,,,,,,,,,,,,,,,,,,,,,17.0
2640,190424,271101,2711,Weill Cornell Medical College,New York,NY,www.med.cornell.edu,,0,4,2,11.0,0.0,0.0,0.0,0.0,0.0,0.0,0.0,0.0,0.0,,,,,,,,,,,,,,,,,,,,,,,,1422.0,,,,,,,,,,,,,,,,,,,,,,,,,,,,,,,,,,,,,,,0.0,,,,,,,,,,,,1,,,,,,,,,,,,,,,,,,,,12000,133.2246,0.962406015,,,70900,0.83533603,,,14.0
3573,214607,332919,3329,Pennsylvania State University-Penn State Great Valley,Malvern,PA,www.sgps.psu.edu/,tuition.psu.edu/costestimate.aspx,0,4,1,21.0,0.0,0.0,0.0,0.0,0.0,0.0,0.0,0.0,0.0,,,,,,,,,,,,,,,,,,,,,,,,1087.0,,,,,,,,,,,,,,,,,,,,,,,,,,,,,,,,,,,,,,,0.0,,,,,,,,,,,,1,,,,,,,,,,,,,,,,,,,,27000,299.75535,0.864039519,,,47500,0.712785244,6.789999962,3.150000095,13.0
3924,223223,494900,4949,Baylor College of Medicine,Houston,TX,www.bcm.edu,,0,4,2,11.0,0.0,0.0,0.0,0.0,0.0,0.0,0.0,0.0,0.0,,,,,,,,,,,,,,,,,,,,,,,,,,,,,,,,,,,,,,,,,,,,,,,,,,,,,,,,,,,,,,,0.0,,,,,,,,,,,,1,,,,,,,,,,,,,,,,,,,,PrivacySuppressed,PrivacySuppressed,PrivacySuppressed,,,129000,1,8.239999771,3.329999924,14.0
4051,228194,497700,4977,South Texas College of Law,Houston,TX,www.stcl.edu,,0,4,2,11.0,0.0,0.0,0.0,0.0,0.0,0.0,0.0,0.0,0.0,,,,,,,,,,,,,,,,,,,,,,,,,,,,,,,,,,,,,,,,,,,,,,,,,,,,,,,,,,,,,,,0.0,,,,,,,,,,,,1,,,,,,,,,,,,,,,,,,,,,,PrivacySuppressed,,,PrivacySuppressed,PrivacySuppressed,PrivacySuppressed,PrivacySuppressed,12.0
4086,228909,976800,9768,University of North Texas Health Science Center,Fort Worth,TX,www.hsc.unt.edu,,0,4,1,11.0,0.0,0.0,0.0,0.0,0.0,0.0,0.0,0.0,0.0,,,,,,,,,,,,,,,,,,,,,,,,,,,,,,,,,,,,,,,,,,,,,,,,,,,,,,,,,,,,,,,0.0,,,,,,,,,,,,1,,,,,,,,,,,,,,,,,,,,PrivacySuppressed,PrivacySuppressed,PrivacySuppressed,,,132400,0.967948735,9.289999962,3.309999943,13.0
272,110699,131900,1319,University of California-San Francisco,San Francisco,CA,www.ucsf.edu,,0,4,1,11.0,0.0,0.0,0.0,0.0,0.0,0.0,0.0,0.0,0.0,,,,,,,,,,,,,,,,,,,,,,,,,,,,,,,,,,,,,,,,,,,,,,,,,,,,,,,,,,,,,,,0.0,,,,,,,,,,,,1,,,,,,,,,,,,,,,,,,,,PrivacySuppressed,PrivacySuppressed,PrivacySuppressed,,,118900,0.970802903,7.510000229,3.309999943,
275,110778,2267600,22676,Sofia University,Palo Alto,CA,www.sofia.edu,www.sofia.edu/admissions/loancalculator.php,0,4,2,13.0,0.0,0.0,0.0,0.0,0.0,0.0,0.0,0.0,0.0,,,,,,,,,,,,,,,,,,,,,,,,,,,,,,,,,,,,,,,,,,,,,,,,,,,,,,,,,,,,,,,0.0,20.0,0.7,0.05,0.05,0.0,0.0,0.0,0.15,0.0,0.05,,1,,,,,,,,,,,,,,,,,,,0.8,PrivacySuppressed,PrivacySuppressed,PrivacySuppressed,,,,,,,
364,114549,2096100,20961,Fielding Graduate University,Santa Barbara,CA,www.fielding.edu,www.fielding.edu/financialAid,0,4,2,13.0,0.0,0.0,0.0,0.0,0.0,0.0,0.0,0.0,0.0,,,,,,,,,,,,,,,,,,,,,,,,,,,,,,,,,,,,,,,,,,,,,,,,,,,,,,,,,,,,,,,0.0,,,,,,,,,,,,1,,,,,,,,,,,,,,,,,,,,PrivacySuppressed,PrivacySuppressed,PrivacySuppressed,,,PrivacySuppressed,PrivacySuppressed,PrivacySuppressed,PrivacySuppressed,
365,114585,3131300,31313,Five Branches University,Santa Cruz,CA,www.fivebranches.edu,www.fivebranches.edu,0,4,3,22.0,0.0,0.0,0.0,0.0,0.0,0.0,0.0,0.0,0.0,,,,,,,,,,,,,,,,,,,,,,,,,,,,,,,,,,,,,,,,,,,,,,,,,,,,,,,,,,,,,,,0.0,,,,,,,,,,,,1,,,,,,,,,,,,,,,,,,,,PrivacySuppressed,PrivacySuppressed,PrivacySuppressed,,,PrivacySuppressed,PrivacySuppressed,5.329999924,2.950000048,
385,115214,120700,1207,Graduate Theological Union,Berkeley,CA,WWW.GTU.EDU,www.gtu.edu,0,4,2,12.0,0.0,0.0,0.0,0.0,0.0,0.0,0.0,0.0,0.0,,,,,,,,,,,,,,,,,,,,,,,,,,,,,,,,,,,,,,,,,,,,,,,,,,,,,,,,,,,,,,,0.0,,,,,,,,,,,,1,,,,,,,,,,,,,,,,,,,,,,,,,PrivacySuppressed,PrivacySuppressed,PrivacySuppressed,PrivacySuppressed,
423,117520,2228500,22285,Life Chiropractic College West,Hayward,CA,www.lifewest.edu,lifewest.edu/prospective/financial-aid-tuition-budget.shtml,0,4,2,12.0,0.0,0.0,0.0,0.0,0.0,0.0,0.0,0.0,0.0,,,,,,,,,,,,,,,,,,,,,,,,,,,,,,,,,,,,,,,,,,,,,,,,,,,,,,,,,,,,,,,0.0,,,,,,,,,,,,1,,,,,,,,,,,,,,,,,,,,,,PrivacySuppressed,,,PrivacySuppressed,,,,
608,123943,123000,1230,Marshall B Ketchum University,Fullerton,CA,www.ketchum.edu,www.ketchum.edu,0,4,2,21.0,0.0,0.0,0.0,0.0,0.0,0.0,0.0,0.0,0.0,,,,,,,,,,,,,,,,,,,,,,,,,,,,,,,,,,,,,,,,,,,,,,,,,,,,,,,,,,,,,,,0.0,,,,,,,,,,,,1,,,,,,,,,,,,,,,,,,,,PrivacySuppressed,PrivacySuppressed,,,,70400,0.922330081,8.670000076,3.50999999,
611,123970,129500,1295,Southwestern Law School,Los Angeles,CA,www.swlaw.edu,swlaw.edu,0,4,2,11.0,0.0,0.0,0.0,0.0,0.0,0.0,0.0,0.0,0.0,,,,,,,,,,,,,,,,,,,,,,,,,,,,,,,,,,,,,,,,,,,,,,,,,,,,,,,,,,,,,,,0.0,,,,,,,,,,,,1,,,,,,,,,,,,,,,,,,,,,,PrivacySuppressed,,,69700,0.894472361,8.859999657,3.779999971,
642,125718,2276800,22768,Westminster Theological Seminary in California,Escondido,CA,www.wscal.edu,www.wscal.edu,0,4,2,21.0,0.0,0.0,0.0,0.0,0.0,0.0,0.0,0.0,0.0,,,,,,,,,,,,,,,,,,,,,,,,,,,,,,,,,,,,,,,,,,,,,,,,,,,,,,,,,,,,,,,0.0,,,,,,,,,,,,1,,,,,,,,,,,,,,,,,,,,,,,,,,PrivacySuppressed,PrivacySuppressed,PrivacySuppressed,
646,126012,884600,8846,The Wright Institute,Berkeley,CA,www.wi.edu,,0,4,2,12.0,0.0,0.0,0.0,0.0,0.0,0.0,0.0,0.0,0.0,,,,,,,,,,,,,,,,,,,,,,,,,,,,,,,,,,,,,,,,,,,,,,,,,,,,,,,,,,,,,,,0.0,,,,,,,,,,,,1,,,,,,,,,,,,,,,,,,,,,,,,,PrivacySuppressed,PrivacySuppressed,5.489999771,3.019999981,
776,130581,2546000,25460,Tri-State College of Acupuncture,New York,NY,www.TSCA.edu,www.tsca.edu,0,4,3,11.0,0.0,0.0,0.0,0.0,0.0,0.0,0.0,0.0,0.0,,,,,,,,,,,,,,,,,,,,,,,,,,,,,,,,,,,,,,,,,,,,,,,,,,,,,,,,,,,,,,,0.0,,,,,,,,,,,,1,,,,,,,,,,,,,,,,,,,,,,PrivacySuppressed,,,PrivacySuppressed,PrivacySuppressed,PrivacySuppressed,PrivacySuppressed,
815,132523,1112700,11127,Gooding Institute of Nurse Anesthesia,Panama City,FL,www.baymedical.org,www.baymedical.org,0,4,3,13.0,0.0,0.0,0.0,0.0,0.0,0.0,0.0,0.0,0.0,,,,,,,,,,,,,,,,,,,,,,,,,,,,,,,,,,,,,,,,,,,,,,,,,,,,,,,,,,,,,,,0.0,,,,,,,,,,,,1,,,,,,,,,,,,,,,,,,,,,,PrivacySuppressed,,,,,,,
994,138929,3173300,31733,Atlanta's John Marshall Law School,Atlanta,GA,www.johnmarshall.edu,www.johnmarshall.edu/futurestudent/admissions-aid/financialaid/,0,4,3,11.0,0.0,0.0,0.0,0.0,0.0,0.0,0.0,0.0,0.0,,,,,,,,,,,,,,,,,,,,,,,,,,,,,,,,,,,,,,,,,,,,,,,,,,,,,,,,,,,,,,,0.0,,,,,,,,,,,,1,,,,,,,,,,,,,,,,,,,,PrivacySuppressed,PrivacySuppressed,PrivacySuppressed,,,,,,,
1105,142832,2068100,20681,Adler School of Professional Psychology,Chicago,IL,www.adler.edu,,0,4,2,11.0,0.0,0.0,0.0,0.0,0.0,0.0,0.0,0.0,0.0,,,,,,,,,,,,,,,,,,,,,,,,,,,,,,,,,,,,,,,,,,,,,,,,,,,,,,,,,,,,,,,0.0,,,,,,,,,,,,1,,,,,,,,,,,,,,,,,,,,,,,,,PrivacySuppressed,PrivacySuppressed,PrivacySuppressed,PrivacySuppressed,
1132,143853,165700,1657,Midwestern University-Downers Grove,Downers Grove,IL,www.midwestern.edu,,0,4,2,21.0,0.0,0.0,0.0,0.0,0.0,0.0,0.0,0.0,0.0,,,,,,,,,,,,,,,,,,,,,,,,,,,,,,,,,,,,,,,,,,,,,,,,,,,,,,,,,,,,,,,0.0,,,,,,,,,,,,1,,,,,,,,,,,,,,,,,,,,PrivacySuppressed,PrivacySuppressed,PrivacySuppressed,,,117000,0.952830195,5.630000114,3.059999943,
1184,145886,2573700,25737,Institute for Clinical Social Work,Chicago,IL,www.icsw.edu,icsw.edu,0,4,2,11.0,0.0,0.0,0.0,0.0,0.0,0.0,0.0,0.0,0.0,,,,,,,,,,,,,,,,,,,,,,,,,,,,,,,,,,,,,,,,,,,,,,,,,,,,,,,,,,,,,,,0.0,,,,,,,,,,,,1,,,,,,,,,,,,,,,,,,,,,,,,,,,,,
1272,148982,166300,1663,Spertus College,Chicago,IL,www.spertus.edu,www.spertus.edu/academics,0,4,2,11.0,0.0,0.0,0.0,0.0,0.0,0.0,0.0,0.0,0.0,,,,,,,,,,,,,,,,,,,,,,,,,,,,,,,,,,,,,,,,,,,,,,,,,,,,,,,,,,,,,,,0.0,,,,,,,,,,,,1,,,,,,,,,,,,,,,,,,,,,,PrivacySuppressed,,,,,,,
1463,154156,185500,1855,Des Moines University-Osteopathic Medical Center,Des Moines,IA,www.dmu.edu,www.dmu.edu,0,4,2,12.0,0.0,0.0,0.0,0.0,0.0,0.0,0.0,0.0,0.0,,,,,,,,,,,,,,,,,,,,,,,,,,,,,,,,,,,,,,,,,,,,,,,,,,,,,,,,,,,,,,,0.0,,,,,,,,,,,,1,,,,,,,,,,,,,,,,,,,,PrivacySuppressed,PrivacySuppressed,PrivacySuppressed,,,PrivacySuppressed,PrivacySuppressed,6.559999943,2.829999924,
1580,156727,3007000,30070,Frontier Nursing University,Hyden,KY,www.frontier.edu/,,0,4,2,42.0,0.0,0.0,0.0,0.0,0.0,0.0,0.0,0.0,0.0,,,,,,,,,,,,,,,,,,,,,,,,,,,,,,,,,,,,,,,,,,,,,,,,,,,,,,,,,,,,,,,1.0,,,,,,,,,,,,1,,,,,,,,,,,,,,,,,,,,PrivacySuppressed,PrivacySuppressed,,,,,,,,
1797,164368,4143200,41432,Hult International Business School,Cambridge,MA,www.hult.edu,www.hult.edu/netprice/npcalc.htm,0,4,2,12.0,0.0,0.0,0.0,0.0,0.0,0.0,0.0,0.0,0.0,,,,,,,,,,,,,,,,,,,,,,,,,,,,,,,,,,,,,,,,,,,,,,,,,,,,,,,,,,,,,,,0.0,,,,,,,,,,,,1,,,,,,,,,,,,,,,,,,,,PrivacySuppressed,PrivacySuppressed,,,,,,,,
1878,166717,2163600,21636,Massachusetts School of Professional Psychology,Newton,MA,www.mspp.edu,www.mspp.edu,0,4,2,13.0,0.0,0.0,0.0,0.0,0.0,0.0,0.0,0.0,0.0,,,,,,,,,,,,,,,,,,,,,,,,,,,,,,,,,,,,,,,,,,,,,,,,,,,,,,,,,,,,,,,0.0,,,,,,,,,,,,1,,,,,,,,,,,,,,,,,,,,,,PrivacySuppressed,,,,PrivacySuppressed,PrivacySuppressed,PrivacySuppressed,
1894,167181,2579800,25798,New England School of Acupuncture,Newton,MA,www.nesa.edu,,0,4,2,13.0,0.0,0.0,0.0,0.0,0.0,0.0,0.0,0.0,0.0,,,,,,,,,,,,,,,,,,,,,,,,,,,,,,,,,,,,,,,,,,,,,,,,,,,,,,,,,,,,,,,0.0,,,,,,,,,,,,1,,,,,,,,,,,,,,,,,,,,,,PrivacySuppressed,,,PrivacySuppressed,PrivacySuppressed,PrivacySuppressed,PrivacySuppressed,
1978,169628,225400,2254,Michigan State University-College of Law,East Lansing,MI,www.law.msu.edu,www.law.msu.edu/acctg/calculator.php,0,4,2,13.0,0.0,0.0,0.0,0.0,0.0,0.0,0.0,0.0,0.0,,,,,,,,,,,,,,,,,,,,,,,,,,,,,,,,,,,,,,,,,,,,,,,,,,,,,,,,,,,,,,,0.0,,,,,,,,,,,,1,,,,,,,,,,,,,,,,,,,,,,PrivacySuppressed,,,PrivacySuppressed,PrivacySuppressed,PrivacySuppressed,PrivacySuppressed,
2329,179812,247400,2474,Kansas City University of Medicine and Biosciences,Kansas City,MO,www.kcumb.edu,www.kcumb.edu/Financialaid/index.asp,0,4,2,11.0,0.0,0.0,0.0,0.0,0.0,0.0,0.0,0.0,0.0,,,,,,,,,,,,,,,,,,,,,,,,,,,,,,,,,,,,,,,,,,,,,,,,,,,,,,,,,,,,,,,0.0,,,,,,,,,,,,1,,,,,,,,,,,,,,,,,,,,,,PrivacySuppressed,,,PrivacySuppressed,PrivacySuppressed,PrivacySuppressed,PrivacySuppressed,
2424,182829,2097900,20979,University of New Hampshire-School of Law,Concord,NH,law.unh.edu,www.finaid.org/,0,4,2,31.0,0.0,0.0,0.0,0.0,0.0,0.0,0.0,0.0,0.0,,,,,,,,,,,,,,,,,,,,,,,,,,,,,,,,,,,,,,,,,,,,,,,,,,,,,,,,,,,,,,,0.0,,,,,,,,,,,,0,,,,,,,,,,,,,,,,,,,,PrivacySuppressed,PrivacySuppressed,PrivacySuppressed,,,PrivacySuppressed,0.864406765,6.760000229,2.99000001,
2580,188580,288700,2887,Albany Medical College,Albany,NY,www.amc.edu,www.amc.edu,0,4,2,13.0,0.0,0.0,0.0,0.0,0.0,0.0,0.0,0.0,0.0,,,,,,,,,,,,,,,,,,,,,,,,,,,,,,,,,,,,,,,,,,,,,,,,,,,,,,,,,,,,,,,0.0,,,,,,,,,,,,1,,,,,,,,,,,,,,,,,,,,PrivacySuppressed,PrivacySuppressed,PrivacySuppressed,,,201200,0.991379321,7.380000114,3.619999886,
2663,190682,3191300,31913,CUNY School of Law at Queens College,Long Island City,NY,www.law.cuny.edu,portal0.uapc.cuny.edu/uapc/public/fin_aid/financial_aid_estimator/FinAidEstimator.jsp,0,4,1,11.0,0.0,0.0,0.0,0.0,0.0,0.0,0.0,0.0,0.0,,,,,,,,,,,,,,,,,,,,,,,,,,,,,,,,,,,,,,,,,,,,,,,,,,,,,,,,,,,,,,,0.0,,,,,,,,,,,,1,,,,,,,,,,,,,,,,,,,,PrivacySuppressed,PrivacySuppressed,PrivacySuppressed,,,62000,0.87378639,11.06999969,4.139999866,
2754,193821,278300,2783,New York Law School,New York,NY,www.nyls.edu,www.nyls.edu/prospective_students/tuition_and_financial_aid,0,4,2,11.0,0.0,0.0,0.0,0.0,0.0,0.0,0.0,0.0,0.0,,,,,,,,,,,,,,,,,,,,,,,,,,,,,,,,,,,,,,,,,,,,,,,,,,,,,,,,,,,,,,,0.0,,,,,,,,,,,,1,,,,,,,,,,,,,,,,,,,,3000,33.30615,PrivacySuppressed,,,73000,0.879629612,9.739999771,3.75999999,
2856,196468,397900,3979,Teachers College at Columbia University,New York,NY,www.tc.columbia.edu,www.tc.columbia.edu,0,4,2,11.0,0.0,0.0,0.0,0.0,0.0,0.0,0.0,0.0,0.0,,,,,,,,,,,,,,,,,,,,,,,,,,,,,,,,,,,,,,,,,,,,,,,,,,,,,,,,,,,,,,,0.0,,,,,,,,,,,,1,,,,,,,,,,,,,,,,,,,,PrivacySuppressed,PrivacySuppressed,PrivacySuppressed,,,71200,0.880952358,9.989999771,4.28000021,
3301,207315,1128200,11282,Oklahoma State University Center for Health Sciences,Tulsa,OK,www.healthsciences.okstate.edu,,0,4,1,11.0,0.0,0.0,0.0,0.0,0.0,0.0,0.0,0.0,0.0,,,,,,,,,,,,,,,,,,,,,,,,,,,,,,,,,,,,,,,,,,,,,,,,,,,,,,,,,,,,,,,0.0,,,,,,,,,,,,1,,,,,,,,,,,,,,,,,,,,,,,,,PrivacySuppressed,PrivacySuppressed,9.399999619,3.230000019,
3462,212018,332922,3329,The Dickinson School of Law of the Pennsylvania State University,Carlisle,PA,law.psu.edu/,tuition.psu.edu/costestimate.aspx,0,4,1,13.0,0.0,0.0,0.0,0.0,0.0,0.0,0.0,0.0,0.0,,,,,,,,,,,,,,,,,,,,,,,,1087.0,,,,,,,,,,,,,,,,,,,,,,,,,,,,,,,,,,,,,,,0.0,,,,,,,,,,,,1,,,,,,,,,,,,,,,,,,,,27000,299.75535,0.864039519,,,47500,0.712785244,6.789999962,3.150000095,
3609,215123,335200,3352,Philadelphia College of Osteopathic Medicine,Philadelphia,PA,www.pcom.edu,,0,4,2,11.0,0.0,0.0,0.0,0.0,0.0,0.0,0.0,0.0,0.0,,,,,,,,,,,,,,,,,,,,,,,,,,,,,,,,,,,,,,,,,,,,,,,,,,,,,,,,,,,,,,,0.0,,,,,,,,,,,,1,,,,,,,,,,,,,,,,,,,,2000,22.2041,PrivacySuppressed,,,148400,0.976744175,6.460000038,3.170000076,
4386,237880,1124500,11245,West Virginia School of Osteopathic Medicine,Lewisburg,WV,www.wvsom.edu,www.wvsom.edu,0,4,1,33.0,0.0,0.0,0.0,0.0,0.0,0.0,0.0,0.0,0.0,,,,,,,,,,,,,,,,,,,,,,,,,,,,,,,,,,,,,,,,,,,,,,,,,,,,,,,,,,,,,,,0.0,,,,,,,,,,,,1,,,,,,,,,,,,,,,,,,,,2000,22.2041,PrivacySuppressed,,,198300,1,10.68999958,3.519999981,
4426,239169,2453500,24535,Medical College of Wisconsin,Milwaukee,WI,www.mcw.edu,,0,4,2,21.0,0.0,0.0,0.0,0.0,0.0,0.0,0.0,0.0,0.0,,,,,,,,,,,,,,,,,,,,,,,,,,,,,,,,,,,,,,,,,,,,,,,,,,,,,,,,,,,,,,,0.0,,,,,,,,,,,,1,,,,,,,,,,,,,,,,,,,,,,PrivacySuppressed,,,250000,1,5.449999809,2.940000057,
4453,240213,2271300,22713,Wisconsin School of Professional Psychology,Milwaukee,WI,www.wspp.edu,wspp.edu,0,4,2,11.0,0.0,0.0,0.0,0.0,0.0,0.0,0.0,0.0,0.0,,,,,,,,,,,,,,,,,,,,,,,,,,,,,,,,,,,,,,,,,,,,,,,,,,,,,,,,,,,,,,,0.0,,,,,,,,,,,,1,,,,,,,,,,,,,,,,,,,,,,,,,,,,,
4503,241793,2166000,21660,Center for Advanced Studies On Puerto Rico and the Caribbean,San Juan,PR,ceaprc.edu,www.ceaprc.edu,0,4,2,11.0,0.0,0.0,0.0,0.0,0.0,0.0,0.0,0.0,0.0,,,,,,,,,,,,,,,,,,,,,,,,,,,,,,,,,,,,,,,,,,,,,,,,,,,,,,,,,,,,,,,0.0,,,,,,,,,,,,1,,,,,,,,,,,,,,,,,,,,,,,,,,,,,
4527,242723,393801,3938,Inter American University of Puerto Rico-School of Law,San Juan,PR,www.derecho.inter.edu,asistencia.inter.edu/calculadora/,0,4,2,11.0,0.0,0.0,0.0,0.0,0.0,0.0,0.0,0.0,0.0,,,,,,,,,,,,,,,,,,,,,,,,,,,,,,,,,,,,,,,,,,,,,,,,,,,,,,,,,,,,,,,0.0,,,,,,,,,,,,1,,,,,,,,,,,,,,,,,,,,8500,94.367425,0.480897076,,,20000,0.230852321,47.34999847,8.369999886,
4536,243081,2482400,24824,Ponce School of Medicine and Health Sciences,Ponce,PR,www.psm.edu,www.psm.edu,0,4,2,12.0,0.0,0.0,0.0,0.0,0.0,0.0,0.0,0.0,0.0,,,,,,,,,,,,,,,,,,,,,,,,,,,,,,,,,,,,,,,,,,,,,,,,,,,,,,,,,,,,,,,0.0,,,,,,,,,,,,1,,,,,,,,,,,,,,,,,,,,PrivacySuppressed,PrivacySuppressed,PrivacySuppressed,,,,,,,
4590,245865,301004,3010,Antioch University-New England,Keene,NH,www.antiochne.edu,,0,4,2,32.0,0.0,0.0,0.0,0.0,0.0,0.0,0.0,0.0,0.0,,,,,,,,,,,,,,,,,,,,,,,,,,,,,,,,,,,,,,,,,,,,,,,,,,,,,,,,,,,,,,,0.0,,,,,,,,,,,,1,,,,,,,,,,,,,,,,,,,,25329.5,281.2093755,0.748,,,35500,0.600917459,7.869999886,3.660000086,
4686,260956,2622700,26227,Knowledge Systems Institute,Skokie,IL,www.ksi.edu,www.ksi.edu/calculator.html,0,4,2,13.0,0.0,0.0,0.0,0.0,0.0,0.0,0.0,0.0,0.0,,,,,,,,,,,,,,,,,,,,,,,,,,,,,,,,,,,,,,,,,,,,,,,,,,,,,,,,,,,,,,,0.0,,,,,,,,,,,,1,,,,,,,,,,,,,,,,,,,,,,,,,PrivacySuppressed,,,,
4727,363721,144102,1441,University of the District of Columbia-David A Clarke School of Law,Washington,DC,www.law.udc.edu,,0,4,1,11.0,0.0,0.0,0.0,0.0,0.0,0.0,0.0,0.0,0.0,,,,,,,,,,,,,,,,,,,,,,,,,,,,,,,,,,,,,,,,,,,,,,,,,,,,,,,,,,,,,,,0.0,,,,,,,,,,,,1,,,,,,,,,,,,,,,,,,,,20000,222.041,0.51030422,,,36200,0.527184486,17.87000084,6.840000153,
4768,365426,1173206,11732,Mayo Graduate School,Rochester,MN,www.mayo.edu/mgs/index.html,,0,4,2,12.0,0.0,0.0,0.0,0.0,0.0,0.0,0.0,0.0,0.0,,,,,,,,,,,,,,,,,,,,,,,,,,,,,,,,,,,,,,,,,,,,,,,,,,,,,,,,,,,,,,,0.0,,,,,,,,,,,,1,,,,,,,,,,,,,,,,,,,,9250,102.6939625,0.989130435,,,PrivacySuppressed,PrivacySuppressed,5.320000172,2.74000001,
4785,366368,2600100,26001,New York Academy of Art,New York,NY,www.nyaa.edu,nyaa.edu/nyaa/admissions.html,0,4,2,11.0,0.0,0.0,0.0,0.0,0.0,0.0,0.0,0.0,0.0,,,,,,,,,,,,,,,,,,,,,,,,,,,,,,,,,,,,,,,,,,,,,,,,,,,,,,,,,,,,,,,0.0,,,,,,,,,,,,1,,,,,,,,,,,,,,,,,,,,,,PrivacySuppressed,,,,,,,
4796,366605,2622000,26220,Southwest Acupuncture College-Santa Fe,Santa Fe,NM,www.acupuncturecollege.edu,,0,4,3,13.0,0.0,0.0,0.0,0.0,0.0,0.0,0.0,0.0,0.0,,,,,,,,,,,,,,,,,,,,,,,,,,,,,,,,,,,,,,,,,,,,,,,,,,,,,,,,,,,,,,,0.0,,,,,,,,,,,,1,,,,,,,,,,,,,,,,,,,,PrivacySuppressed,PrivacySuppressed,PrivacySuppressed,,,PrivacySuppressed,PrivacySuppressed,6.550000191,2.880000114,
4904,374024,3051900,30519,Adler Graduate School,Richfield,MN,www.alfredadler.edu,www.alfredadler.edu,0,4,2,21.0,0.0,0.0,0.0,0.0,0.0,0.0,0.0,0.0,0.0,,,,,,,,,,,,,,,,,,,,,,,,,,,,,,,,,,,,,,,,,,,,,,,,,,,,,,,,,,,,,,,0.0,,,,,,,,,,,,1,,,,,,,,,,,,,,,,,,,,,,PrivacySuppressed,,,PrivacySuppressed,PrivacySuppressed,PrivacySuppressed,PrivacySuppressed,
5006,381352,3686300,36863,Colorado School of Traditional Chinese Medicine,Denver,CO,www.cstcm.edu,cstcm.edu/files/u1/npc/npcalc.htm,0,4,3,11.0,0.0,0.0,0.0,0.0,0.0,0.0,0.0,0.0,0.0,,,,,,,,,,,,,,,,,,,,,,,,,,,,,,,,,,,,,,,,,,,,,,,,,,,,,,,,,,,,,,,0.0,,,,,,,,,,,,1,,,,,,,,,,,,,,,,,,,,,,PrivacySuppressed,,,PrivacySuppressed,PrivacySuppressed,PrivacySuppressed,PrivacySuppressed,
5062,384306,3327400,33274,Acupuncture and Integrative Medicine College-Berkeley,Berkeley,CA,www.aimc.edu,www.aimc.edu,0,4,2,12.0,0.0,0.0,0.0,0.0,0.0,0.0,0.0,0.0,0.0,,,,,,,,,,,,,,,,,,,,,,,,,,,,,,,,,,,,,,,,,,,,,,,,,,,,,,,,,,,,,,,0.0,,,,,,,,,,,,1,,,,,,,,,,,,,,,,,,,,PrivacySuppressed,PrivacySuppressed,PrivacySuppressed,,,,PrivacySuppressed,PrivacySuppressed,PrivacySuppressed,
5125,402828,331302,3313,Widener University-Harrisburg Campus,Harrisburg,PA,www.widener.edu,www.widener.edu/admissions/undergraduate/admitted/financing_education.aspx,0,4,2,21.0,0.0,0.0,0.0,0.0,0.0,0.0,0.0,0.0,0.0,,,,,,,,,,,,,,,,,,,,,,,,1025.0,,,,,,,,,,,,,,,,,,,,,,,,,,,,,,,,,,,,,,,0.0,,,,,,,,,,,,1,,,,,,,,,,,,,,,,,,,,27800,308.63699,0.827122786,,,51700,0.76648134,7.130000114,3.49000001,
5134,404222,393810,3938,Inter American University of Puerto Rico-School of Optometry,Bayamon,PR,www.optonet.inter.edu,asistencia.inter.edu/calculadora/,0,4,2,21.0,0.0,0.0,0.0,0.0,0.0,0.0,0.0,0.0,0.0,,,,,,,,,,,,,,,,,,,,,,,,,,,,,,,,,,,,,,,,,,,,,,,,,,,,,,,,,,,,,,,0.0,,,,,,,,,,,,1,,,,,,,,,,,,,,,,,,,,8500,94.367425,0.480897076,,,20000,0.230852321,47.34999847,8.369999886,
5225,409254,3510300,35103,Erikson Institute,Chicago,IL,www.erikson.edu,www.erikson.edu/financialaid,0,4,2,11.0,0.0,0.0,0.0,0.0,0.0,0.0,0.0,0.0,0.0,,,,,,,,,,,,,,,,,,,,,,,,,,,,,,,,,,,,,,,,,,,,,,,,,,,,,,,,,,,,,,,0.0,,,,,,,,,,,,1,,,,,,,,,,,,,,,,,,,,,,,,,PrivacySuppressed,PrivacySuppressed,PrivacySuppressed,PrivacySuppressed,
5229,409616,341001,3410,Roger Williams University School of Law,Bristol,RI,law.rwu.edu/,,0,4,2,21.0,0.0,0.0,0.0,0.0,0.0,0.0,0.0,0.0,0.0,,,,,,,,,,,,,,,,,,,,,,,,,,,,,,,,,,,,,,,,,,,,,,,,,,,,,,,,,,,,,,,0.0,,,,,,,,,,,,1,,,,,,,,,,,,,,,,,,,,27000,299.75535,0.929069031,,,47200,0.725961566,4.210000038,2.579999924,
5448,420705,3110800,31108,Bakke Graduate University,Seattle,WA,bgu.edu,bgu.edu,0,4,2,11.0,0.0,0.0,0.0,0.0,0.0,0.0,0.0,0.0,0.0,,,,,,,,,,,,,,,,,,,,,,,,,,,,,,,,,,,,,,,,,,,,,,,,,,,,,,,,,,,,,,,0.0,,,,,,,,,,,,1,,,,,,,,,,,,,,,,,,,,,,,,,,,,,
5475,423643,165701,1657,Midwestern University-Glendale,Glendale,AZ,www.midwestern.edu,www.midwestern.edu,0,4,2,21.0,0.0,0.0,0.0,0.0,0.0,0.0,0.0,0.0,0.0,,,,,,,,,,,,,,,,,,,,,,,,,,,,,,,,,,,,,,,,,,,,,,,,,,,,,,,,,,,,,,,0.0,,,,,,,,,,,,1,,,,,,,,,,,,,,,,,,,,PrivacySuppressed,PrivacySuppressed,PrivacySuppressed,,,117000,0.952830195,5.630000114,3.059999943,
5510,429085,3153300,31533,American College of Acupuncture and Oriental Med,Houston,TX,www.acaom.edu,,0,4,3,11.0,0.0,0.0,0.0,0.0,0.0,0.0,0.0,0.0,0.0,,,,,,,,,,,,,,,,,,,,,,,,,,,,,,,,,,,,,,,,,,,,,,,,,,,,,,,,,,,,,,,0.0,,,,,,,,,,,,1,,,,,,,,,,,,,,,,,,,,PrivacySuppressed,PrivacySuppressed,PrivacySuppressed,,,PrivacySuppressed,PrivacySuppressed,10.81000042,3.869999886,
5511,429094,3156400,31564,AOMA Graduate School of Integrative Medicine,Austin,TX,https://aoma.edu/,aoma.edu/,0,4,3,11.0,0.0,0.0,0.0,0.0,0.0,0.0,0.0,0.0,0.0,,,,,,,,,,,,,,,,,,,,,,,,,,,,,,,,,,,,,,,,,,,,,,,,,,,,,,,,,,,,,,,0.0,,,,,,,,,,,,1,,,,,,,,,,,,,,,,,,,,PrivacySuppressed,PrivacySuppressed,PrivacySuppressed,,,PrivacySuppressed,PrivacySuppressed,6.179999828,2.529999971,
5544,430591,3078200,30782,American College of Traditional Chinese Medicine,San Francisco,CA,www.actcm.edu,www.actcm.edu/content.php?topmenu=4&root=4&id=319,0,4,2,11.0,0.0,0.0,0.0,0.0,0.0,0.0,0.0,0.0,0.0,,,,,,,,,,,,,,,,,,,,,,,,,,,,,,,,,,,,,,,,,,,,,,,,,,,,,,,,,,,,,,,0.0,,,,,,,,,,,,1,,,,,,,,,,,,,,,,,,,,PrivacySuppressed,PrivacySuppressed,PrivacySuppressed,,,PrivacySuppressed,PrivacySuppressed,PrivacySuppressed,PrivacySuppressed,
5593,432348,3559300,35593,Appalachian School of Law,Grundy,VA,www.asl.edu,www.asl.edu/Admissions/Tuition-and-Costs/Financial-Aid-.html,0,4,2,43.0,0.0,0.0,0.0,0.0,0.0,0.0,0.0,0.0,0.0,,,,,,,,,,,,,,,,,,,,,,,,,,,,,,,,,,,,,,,,,,,,,,,,,,,,,,,,,,,,,,,0.0,,,,,,,,,,,,1,,,,,,,,,,,,,,,,,,,,,,PrivacySuppressed,,,,,,,
5642,434715,3374300,33743,Florida Coastal School of Law,Jacksonville,FL,www.fcsl.edu,www.fcsl.edu,0,4,3,11.0,0.0,0.0,0.0,0.0,0.0,0.0,0.0,0.0,0.0,,,,,,,,,,,,,,,,,,,,,,,,,,,,,,,,,,,,,,,,,,,,,,,,,,,,,,,,,,,,,,,0.0,,,,,,,,,,,,1,,,,,,,,,,,,,,,,,,,,,,PrivacySuppressed,,,PrivacySuppressed,PrivacySuppressed,PrivacySuppressed,PrivacySuppressed,
5668,436261,2622002,26220,Southwest Acupuncture College-Boulder,Boulder,CO,www.acupuncturecollege.edu,,0,4,3,13.0,0.0,0.0,0.0,0.0,0.0,0.0,0.0,0.0,0.0,,,,,,,,,,,,,,,,,,,,,,,,,,,,,,,,,,,,,,,,,,,,,,,,,,,,,,,,,,,,,,,0.0,,,,,,,,,,,,1,,,,,,,,,,,,,,,,,,,,PrivacySuppressed,PrivacySuppressed,PrivacySuppressed,,,PrivacySuppressed,PrivacySuppressed,6.550000191,2.880000114,
5757,439394,3429700,34297,East West College of Natural Medicine,Sarasota,FL,ewcollege.org,,0,4,3,13.0,0.0,0.0,0.0,0.0,0.0,0.0,0.0,0.0,0.0,,,,,,,,,,,,,,,,,,,,,,,,,,,,,,,,,,,,,,,,,,,,,,,,,,,,,,,,,,,,,,,0.0,0.0,0.0,0.0,0.0,0.0,0.0,0.0,0.0,0.0,0.0,,1,,,,,,,,,,,,,,,,,,,,PrivacySuppressed,PrivacySuppressed,PrivacySuppressed,,,PrivacySuppressed,PrivacySuppressed,7.610000134,2.670000076,
5782,439783,3443300,34433,New York College of Traditional Chinese Medicine,Mineola,NY,www.nyctcm.edu,www.nyctcm.edu,0,4,2,21.0,0.0,0.0,0.0,0.0,0.0,0.0,0.0,0.0,0.0,,,,,,,,,,,,,,,,,,,,,,,,,,,,,,,,,,,,,,,,,,,,,,,,,,,,,,,,,,,,,,,0.0,64.0,0.125,0.0781,0.0313,0.6406,0.0,0.0,0.0,0.125,0.0,,1,,,,,,,,,,,,,,,,,,,0.8519,PrivacySuppressed,PrivacySuppressed,PrivacySuppressed,,,PrivacySuppressed,PrivacySuppressed,PrivacySuppressed,PrivacySuppressed,
5839,440916,202500,2025,Southern University Law Center,Baton Rouge,LA,www.sulc.edu/,www.sulc.edu,0,4,1,12.0,0.0,0.0,0.0,0.0,0.0,0.0,0.0,0.0,0.0,,,,,,,,,,,,,,,,,,,,,,,,890.0,,,,,,,,,,,,,,,,,,,,,,,,,,,,,,,,,,,,,,,0.0,,,,,,,,,,,,1,,,,,,,,,,,,,,,,,,,,32075,356.0982538,0.500160308,,,31600,0.482544243,18.37000084,4.809999943,
5853,441104,3355400,33554,Richmont Graduate University,Chattanooga,TN,www.richmont.edu,www.richmont.edu,0,4,2,12.0,0.0,0.0,0.0,0.0,0.0,0.0,0.0,0.0,0.0,,,,,,,,,,,,,,,,,,,,,,,,,,,,,,,,,,,,,,,,,,,,,,,,,,,,,,,,,,,,,,,0.0,,,,,,,,,,,,1,,,,,,,,,,,,,,,,,,,,PrivacySuppressed,PrivacySuppressed,PrivacySuppressed,,,,PrivacySuppressed,PrivacySuppressed,PrivacySuppressed,
5854,441131,3466400,34664,The Seattle School of Theology & Psychology,Seattle,WA,www.theseattleschool.edu,www.theseattleschool.edu,0,4,2,11.0,0.0,0.0,0.0,0.0,0.0,0.0,0.0,0.0,0.0,,,,,,,,,,,,,,,,,,,,,,,,,,,,,,,,,,,,,,,,,,,,,,,,,,,,,,,,,,,,,,,0.0,,,,,,,,,,,,1,,,,,,,,,,,,,,,,,,,,,,,,,,,,,
5912,442064,3949300,39493,Won Institute of Graduate Studies,Glenside,PA,www.woninstitute.edu,www.woninstitute.edu,0,4,2,21.0,0.0,0.0,0.0,0.0,0.0,0.0,0.0,0.0,0.0,,,,,,,,,,,,,,,,,,,,,,,,,,,,,,,,,,,,,,,,,,,,,,,,,,,,,,,,,,,,,,,0.0,,,,,,,,,,,,1,,,,,,,,,,,,,,,,,,,,,,,,,,,,,
6082,444699,3735300,37353,Institute of Clinical Acupuncture & Oriental Med,Honolulu,HI,www.orientalmedicine.edu,www.orientalmedicine.edu/NetPrice/npcalc,0,4,3,11.0,0.0,0.0,0.0,0.0,0.0,0.0,0.0,0.0,0.0,,,,,,,,,,,,,,,,,,,,,,,,,,,,,,,,,,,,,,,,,,,,,,,,,,,,,,,,,,,,,,,0.0,,,,,,,,,,,,1,,,,,,,,,,,,,,,,,,,,,,PrivacySuppressed,,,,PrivacySuppressed,PrivacySuppressed,PrivacySuppressed,
6171,446002,3833300,38333,American Academy of Acupuncture and Oriental Medicine,Roseville,MN,www.aaaom.edu,www.aaaom.edu,0,4,3,21.0,0.0,0.0,0.0,0.0,0.0,0.0,0.0,0.0,0.0,,,,,,,,,,,,,,,,,,,,,,,,,,,,,,,,,,,,,,,,,,,,,,,,,,,,,,,,,,,,,,,0.0,,,,,,,,,,,,1,,,,,,,,,,,,,,,,,,,,PrivacySuppressed,PrivacySuppressed,PrivacySuppressed,,,,PrivacySuppressed,PrivacySuppressed,PrivacySuppressed,
6172,446039,3695500,36955,Arizona School of Acupuncture and Oriental Medicine,Tucson,AZ,www.asaom.edu,,0,4,3,11.0,0.0,0.0,0.0,0.0,0.0,0.0,0.0,0.0,0.0,,,,,,,,,,,,,,,,,,,,,,,,,,,,,,,,,,,,,,,,,,,,,,,,,,,,,,,,,,,,,,,0.0,,,,,,,,,,,,0,,,,,,,,,,,,,,,,,,,,PrivacySuppressed,PrivacySuppressed,PrivacySuppressed,,,,PrivacySuppressed,PrivacySuppressed,PrivacySuppressed,
6422,449481,3888300,38883,Dragon Rises College of Oriental Medicine,Gainesville,FL,www.dragonrises.edu,www.dragonrises.edu/students/disclosures/,0,4,3,12.0,0.0,0.0,0.0,0.0,0.0,0.0,0.0,0.0,0.0,,,,,,,,,,,,,,,,,,,,,,,,,,,,,,,,,,,,,,,,,,,,,,,,,,,,,,,,,,,,,,,0.0,,,,,,,,,,,,1,,,,,,,,,,,,,,,,,,,,PrivacySuppressed,PrivacySuppressed,PrivacySuppressed,,,,,,,
6427,449579,3999400,39994,Hawaii College of Oriental Medicine,Hilo,HI,www.hicom.edu,www.hicom.edu,0,4,2,33.0,0.0,0.0,0.0,0.0,0.0,0.0,0.0,0.0,0.0,,,,,,,,,,,,,,,,,,,,,,,,,,,,,,,,,,,,,,,,,,,,,,,,,,,,,,,,,,,,,,,0.0,,,,,,,,,,,,0,,,,,,,,,,,,,,,,,,,,PrivacySuppressed,PrivacySuppressed,,,,,,,,
6454,449922,4180600,41806,Appalachian College of Pharmacy,Oakwood,VA,www.acp.edu,,0,4,2,43.0,0.0,0.0,0.0,0.0,0.0,0.0,0.0,0.0,0.0,,,,,,,,,,,,,,,,,,,,,,,,,,,,,,,,,,,,,,,,,,,,,,,,,,,,,,,,,,,,,,,0.0,,,,,,,,,,,,1,,,,,,,,,,,,,,,,,,,,,,,,,,,,,
6532,450942,4131400,41314,Arizona Summit Law School,Phoenix,AZ,www.azsummitlaw.edu,www.azsummitlaw.edu,0,4,3,11.0,0.0,0.0,0.0,0.0,0.0,0.0,0.0,0.0,0.0,,,,,,,,,,,,,,,,,,,,,,,,,,,,,,,,,,,,,,,,,,,,,,,,,,,,,,,,,,,,,,,0.0,,,,,,,,,,,,1,,,,,,,,,,,,,,,,,,,,,,PrivacySuppressed,,,,,,,
6543,451079,4133500,41335,Academy for Five Element Acupuncture,Gainesville,FL,www.acupuncturist.edu,www.acupuncturist.edu,0,4,2,12.0,0.0,0.0,0.0,0.0,0.0,0.0,0.0,0.0,0.0,,,,,,,,,,,,,,,,,,,,,,,,,,,,,,,,,,,,,,,,,,,,,,,,,,,,,,,,,,,,,,,0.0,,,,,,,,,,,,1,,,,,,,,,,,,,,,,,,,,,,,,,,,,,
6547,451130,3939300,39393,Wolford College,Naples,FL,www.wolford.edu/,www.wolford.edu/student_services/financial/financial_aid.php,0,4,3,21.0,0.0,0.0,0.0,0.0,0.0,0.0,0.0,0.0,0.0,,,,,,,,,,,,,,,,,,,,,,,,,,,,,,,,,,,,,,,,,,,,,,,,,,,,,,,,,,,,,,,0.0,,,,,,,,,,,,1,,,,,,,,,,,,,,,,,,,,,,,,,,,,,
6576,451510,4096300,40963,Charleston School of Law,Charleston,SC,www.charlestonlaw.edu/,mappingyourfuture.org/money/budgetcalculator.htm,0,4,3,12.0,0.0,0.0,0.0,0.0,0.0,0.0,0.0,0.0,0.0,,,,,,,,,,,,,,,,,,,,,,,,,,,,,,,,,,,,,,,,,,,,,,,,,,,,,,,,,,,,,,,0.0,,,,,,,,,,,,1,,,,,,,,,,,,,,,,,,,,PrivacySuppressed,PrivacySuppressed,,,,,,,,
6704,454838,4121200,41212,Institute of Taoist Education and Acupuncture,Louisville,CO,www.itea.edu,www.itea.edu,0,4,2,23.0,0.0,0.0,0.0,0.0,0.0,0.0,0.0,0.0,0.0,,,,,,,,,,,,,,,,,,,,,,,,,,,,,,,,,,,,,,,,,,,,,,,,,,,,,,,,,,,,,,,0.0,,,,,,,,,,,,1,,,,,,,,,,,,,,,,,,,,,,,,,,,,,
6736,455169,4143500,41435,Charlotte School of Law,Charlotte,NC,www.charlottelaw.edu,www.charlottelaw.edu,0,4,3,11.0,0.0,0.0,0.0,0.0,0.0,0.0,0.0,0.0,0.0,,,,,,,,,,,,,,,,,,,,,,,,,,,,,,,,,,,,,,,,,,,,,,,,,,,,,,,,,,,,,,,0.0,,,,,,,,,,,,1,,,,,,,,,,,,,,,,,,,,PrivacySuppressed,PrivacySuppressed,PrivacySuppressed,,,,,,,
6737,455178,4146400,41464,Daoist Traditions College of Chinese Medical Arts,Asheville,NC,daoisttraditions.edu,www.daoisttraditions.com/GainfulEmploymentInformation.html,0,4,3,13.0,0.0,0.0,0.0,0.0,0.0,0.0,0.0,0.0,0.0,,,,,,,,,,,,,,,,,,,,,,,,,,,,,,,,,,,,,,,,,,,,,,,,,,,,,,,,,,,,,,,0.0,,,,,,,,,,,,1,,,,,,,,,,,,,,,,,,,,PrivacySuppressed,PrivacySuppressed,,,,,,,,
6756,455406,4130500,41305,Pacific Northwest University of Health Sciences,Yakima,WA,www.pnwu.edu,nces.ed.gov,0,4,2,22.0,0.0,0.0,0.0,0.0,0.0,0.0,0.0,0.0,0.0,,,,,,,,,,,,,,,,,,,,,,,,,,,,,,,,,,,,,,,,,,,,,,,,,,,,,,,,,,,,,,,0.0,,,,,,,,,,,,1,,,,,,,,,,,,,,,,,,,,,,,,,,,,,
6759,455433,2155305,21553,The Chicago School of Professional Psychology at Irvine,Irvine,CA,www.thechicagoschool.edu,www.thechicagoschool.edu/Home/Admissions/Costs_Financial_Aid/Tuition_and_Fees,0,4,2,12.0,0.0,0.0,0.0,0.0,0.0,0.0,0.0,0.0,0.0,,,,,,,,,,,,,,,,,,,,,,,,,,,,,,,,,,,,,,,,,,,,,,,,,,,,,,,,,,,,,,,0.0,,,,,,,,,,,,1,,,,,,,,,,,,,,,,,,,,,,PrivacySuppressed,,,PrivacySuppressed,PrivacySuppressed,,,
6774,455664,2155300,21553,The Chicago School of Professional Psychology at Los Angeles,Los Angeles,CA,www.thechicagoschool.edu/,www.thechicagoschool.edu/Home/Admissions/Costs_Financial_Aid/Tuition_and_Fees,0,4,2,11.0,0.0,0.0,0.0,0.0,0.0,0.0,0.0,0.0,0.0,,,,,,,,,,,,,,,,,,,,,,,,,,,,,,,,,,,,,,,,,,,,,,,,,,,,,,,,,,,,,,,0.0,,,,,,,,,,,,1,,,,,,,,,,,,,,,,,,,,,,PrivacySuppressed,,,PrivacySuppressed,PrivacySuppressed,,,
6776,455682,2155304,21553,The Chicago School of Professional Psychology at Westwood,Los Angeles,CA,www.thechicagoschool.edu/,www.thechicagoschool.edu/Home/Admissions/Costs_Financial_Aid/Tuition_and_Fees,0,4,2,11.0,0.0,0.0,0.0,0.0,0.0,0.0,0.0,0.0,0.0,,,,,,,,,,,,,,,,,,,,,,,,,,,,,,,,,,,,,,,,,,,,,,,,,,,,,,,,,,,,,,,0.0,,,,,,,,,,,,1,,,,,,,,,,,,,,,,,,,,,,PrivacySuppressed,,,PrivacySuppressed,PrivacySuppressed,,,
6786,455804,4114400,41144,Institute of World Politics,Washington,DC,www.iwp.edu/,www.iwp.edu,0,4,2,11.0,0.0,0.0,0.0,0.0,0.0,0.0,0.0,0.0,0.0,,,,,,,,,,,,,,,,,,,,,,,,,,,,,,,,,,,,,,,,,,,,,,,,,,,,,,,,,,,,,,,0.0,,,,,,,,,,,,1,,,,,,,,,,,,,,,,,,,,,,,,,,,,,
6804,455992,369700,3697,Vermont College of Fine Arts,Montpelier,VT,www.vcfa.edu/,www.vcfa.edu,0,4,2,33.0,0.0,0.0,0.0,0.0,0.0,0.0,0.0,0.0,0.0,,,,,,,,,,,,,,,,,,,,,,,,,,,,,,,,,,,,,,,,,,,,,,,,,,,,,,,,,,,,,,,0.0,,,,,,,,,,,,1,,,,,,,,,,,,,,,,,,,,,,,,,,,,,
6844,456542,4167200,41672,The Commonwealth Medical College,Scranton,PA,www.thecommonwealthmedical.com,thecommonwealthmedical.com/oth/Page.asp?PageID=OTH000182,0,4,2,13.0,0.0,0.0,0.0,0.0,0.0,0.0,0.0,0.0,0.0,,,,,,,,,,,,,,,,,,,,,,,,,,,,,,,,,,,,,,,,,,,,,,,,,,,,,,,,,,,,,,,0.0,,,,,,,,,,,,1,,,,,,,,,,,,,,,,,,,,,,,,,,,,,
6974,458159,4161200,41612,Bainbridge Graduate Institute,Seattle,WA,www.bgi.edu,www.bgi.edu,0,4,2,11.0,0.0,0.0,0.0,0.0,0.0,0.0,0.0,0.0,0.0,,,,,,,,,,,,,,,,,,,,,,,,,,,,,,,,,,,,,,,,,,,,,,,,,,,,,,,,,,,,,,,0.0,,,,,,,,,,,,1,,,,,,,,,,,,,,,,,,,,PrivacySuppressed,PrivacySuppressed,,,,,,,,
7081,459222,4172000,41720,Southern California University SOMA,Los Angeles,CA,www.scusoma.edu,www.scusoma.edu,1,4,3,11.0,0.0,0.0,0.0,0.0,0.0,0.0,0.0,0.0,0.0,,,,,,,,,,,,,,,,,,,,,,,,,,,,,,,,,,,,,,,,,,,,,,,,,,,,,,,,,,,,,,,0.0,48.0,0.0417,0.0,0.0,0.6667,0.0,0.0,0.0,0.2917,0.0,,1,,,,,,,,,,,,,,,,,,,0.8333,PrivacySuppressed,PrivacySuppressed,,,,,,,,
7130,459745,2155306,21553,The Chicago School of Professional Psychology at Washington DC,Washington,DC,www.thechicagoschool.edu,www.thechicagoschool.edu/Home/Admissions/Costs_Financial_Aid/Tuition_and_Fees,0,4,2,11.0,0.0,0.0,0.0,0.0,0.0,0.0,0.0,0.0,0.0,,,,,,,,,,,,,,,,,,,,,,,,,,,,,,,,,,,,,,,,,,,,,,,,,,,,,,,,,,,,,,,0.0,,,,,,,,,,,,1,,,,,,,,,,,,,,,,,,,,,,PrivacySuppressed,,,PrivacySuppressed,PrivacySuppressed,,,
7206,460941,4188900,41889,Northwest Institute of Literary Arts,Langley,WA,www.nila.edu/mfa,www.NILA.edu/mfa,0,4,2,42.0,0.0,0.0,0.0,0.0,0.0,0.0,0.0,0.0,0.0,,,,,,,,,,,,,,,,,,,,,,,,,,,,,,,,,,,,,,,,,,,,,,,,,,,,,,,,,,,,,,,0.0,,,,,,,,,,,,1,,,,,,,,,,,,,,,,,,,,,,,,,,,,,
7218,461120,3840300,38403,Oxford Graduate School,Dayton,TN,www.ogs.edu/,,0,4,2,41.0,0.0,0.0,0.0,0.0,0.0,0.0,0.0,0.0,0.0,,,,,,,,,,,,,,,,,,,,,,,,,,,,,,,,,,,,,,,,,,,,,,,,,,,,,,,,,,,,,,,0.0,,,,,,,,,,,,1,,,,,,,,,,,,,,,,,,,,,,,,,,,,,
7219,461139,4073300,40733,Jung Tao School of Classical Chinese Medicine,Sugar Grove,NC,www.jungtao.edu,www.jungtao.edu/index.php/financial/financial-aid-helpful-links,0,4,2,42.0,0.0,0.0,0.0,0.0,0.0,0.0,0.0,0.0,0.0,,,,,,,,,,,,,,,,,,,,,,,,,,,,,,,,,,,,,,,,,,,,,,,,,,,,,,,,,,,,,,,0.0,,,,,,,,,,,,1,,,,,,,,,,,,,,,,,,,,,,,,,,,,,
7309,462044,4188800,41888,Institute for Doctoral Studies in the Visual Arts,Portland,ME,www.idsva.org,,0,4,2,13.0,0.0,0.0,0.0,0.0,0.0,0.0,0.0,0.0,0.0,,,,,,,,,,,,,,,,,,,,,,,,,,,,,,,,,,,,,,,,,,,,,,,,,,,,,,,,,,,,,,,0.0,,,,,,,,,,,,1,,,,,,,,,,,,,,,,,,,,,,,,,,,,,
7363,468006,1303909,13039,South University-Accelerated Graduate Programs,Atlanta,GA,www.southuniversity.edu/savannah/business-administration-degree-amba-215312.aspx,,0,4,3,13.0,0.0,0.0,0.0,0.0,0.0,0.0,0.0,0.0,0.0,,,,,,,,,,,,,,,,,,,,,,,,,,,,,,,,,,,,,,,,,,,,,,,,,,,,,,,,,,,,,,,0.0,,,,,,,,,,,,1,,,,,,,,,,,,,,,,,,,,27167,301.6093924,0.349280501,,,29800,0.606406331,,,
7454,475495,4193200,41932,Rocky Mountain University of Health Professions,Provo,UT,www.rmuohp.edu,www.rmuohp.edu/index.php?/prospective_students/tuition_fees/overview/,0,4,3,12.0,0.0,0.0,0.0,0.0,0.0,0.0,0.0,0.0,0.0,,,,,,,,,,,,,,,,,,,,,,,,,,,,,,,,,,,,,,,,,,,,,,,,,,,,,,,,,,,,,,,0.0,,,,,,,,,,,,1,,,,,,,,,,,,,,,,,,,,,,,,,,,,,
7456,475510,3665400,36654,Christie's Education,New York,NY,www.christies.edu,,0,4,3,11.0,0.0,0.0,0.0,0.0,0.0,0.0,0.0,0.0,0.0,,,,,,,,,,,,,,,,,,,,,,,,,,,,,,,,,,,,,,,,,,,,,,,,,,,,,,,,,,,,,,,0.0,,,,,,,,,,,,1,,,,,,,,,,,,,,,,,,,,,,,,,,,,,
7636,480790,4218900,42189,Rocky Vista University,Parker,CO,www.rockyvistauniversity.edu,www.rockyvistauniversity.edu,0,4,3,21.0,0.0,0.0,0.0,0.0,0.0,0.0,0.0,0.0,0.0,,,,,,,,,,,,,,,,,,,,,,,,,,,,,,,,,,,,,,,,,,,,,,,,,,,,,,,,,,,,,,,0.0,,,,,,,,,,,,1,,,,,,,,,,,,,,,,,,,,,,,,,,,,,
7653,481030,4139900,41399,Future Generations Graduate School,Franklin,WV,www.future.edu,,0,4,2,42.0,0.0,0.0,0.0,0.0,0.0,0.0,0.0,0.0,0.0,,,,,,,,,,,,,,,,,,,,,,,,,,,,,,,,,,,,,,,,,,,,,,,,,,,,,,,,,,,,,,,0.0,,,,,,,,,,,,1,,,,,,,,,,,,,,,,,,,,,,,,,,,,,
7658,481094,4179800,41798,Sotheby's Institute of Art-NY,New York,NY,www.sothebysinstitute.com/newyork,www.faaaccess.ed.gov/FOTWWebapp/faa/faa/jsp,0,4,3,11.0,0.0,0.0,0.0,0.0,0.0,0.0,0.0,0.0,0.0,,,,,,,,,,,,,,,,,,,,,,,,,,,,,,,,,,,,,,,,,,,,,,,,,,,,,,,,,,,,,,,0.0,,,,,,,,,,,,1,,,,,,,,,,,,,,,,,,,,,,,,,,,,,
